name,Ast,Min,display,position,number,team
Marco Bustos,3,849,Marco Bustos,m,10,Pacific FC
Francisco Javier Acuña Víctor,2,531,Francisco Acuña,m,8,Atlético Ottawa
Brett Levis,2,383,Brett Levis,m,17,Valour FC
Alejandro Díaz Liceága,2,609,Alejandro Diaz,f,9,Pacific FC
Shaan Hundal,2,232,Shaan Hundal,f,11,Valour FC
Alex Marshall,2,583,Alex Marshall,m,7,HFX Wanderers FC
Victor Blasco,2,644,Victor Blasco,m,23,Pacific FC
Molham Babouli,2,455,Mo Babouli,f,19,Forge FC
Andre Rampersad,2,820,Andre Rampersad,m,18,HFX Wanderers FC
Paolo Sabak,2,752,Paolo Sabak,m,24,Forge FC
Maxim Tissot,2,394,Maxim Tissot,d,15,Forge FC
Oliver Minatel,1,454,Oliver Minatel,f,7,Cavalry FC
Nikolas Ledgerwood,1,411,Nik Ledgerwood,m,6,Cavalry FC
Nathan Mavila,1,709,Nathan Mavila,d,3,Cavalry FC
Elijah Adekugbe,1,638,Elijah Adekugbe,m,8,Cavalry FC
Mohamed Farsi,1,611,Mohamed Farsi,d,21,Cavalry FC
José Antonio Galán Pedrosa,1,310,José Galán,m,21,Valour FC
Matthew Baldisimo,1,875,Matthew Baldisimo,m,8,Pacific FC
Malyk Hamilton,1,630,Malyk Hamilton,m,2,Atlético Ottawa
Malcolm Isaiah Shaw,1,595,Malcolm Shaw,f,19,Atlético Ottawa
Kyle Porter,1,372,Kyle Porter,m,19,York9 FC
Josh Heard,1,218,Josh Heard,m,11,Pacific FC
Kyle Edward Bekker,1,879,Kyle Bekker,m,10,Forge FC
João Morelli Neto,1,561,João Morelli,f,22,HFX Wanderers FC
Kadell Thomas,1,283,Kadell Thomas,f,17,Forge FC
David Choinière,1,598,David Choinière,m,7,Forge FC
Kadin Chung,1,765,Kadin Chung,d,7,Pacific FC
Vashon Neufville,1,241,Vashon Neufville,d,44,Atlético Ottawa
Antony Caceres,1,248,Anthony Caceres,m,20,FC Edmonton
Terique Mohammed,1,304,Terique Mohammed,d,57,FC Edmonton
Alessandro Riggi,1,471,Alessandro Riggi,f,10,HFX Wanderers FC
Terran Campbell,1,480,Terran Campbell,f,14,Pacific FC
Zachary Verhoven,1,308,Zach Verhoven,m,16,Pacific FC
Matteo de Brienne,0,0,Matteo  de Brienne,m,42,Atlético Ottawa
Mateo Restrepo,0,626,Mateo Restrepo,d,14,HFX Wanderers FC
Mastanabal Kacher,0,360,Masta Kacher,f,7,Valour FC
Matthew Arnone,0,62,Matthew Arnone,d,17,York9 FC
Marcel Dominik Zajac,0,237,Marcel Zajac,f,9,Forge FC
Mason Trafford,0,720,Mason Trafford,d,5,Cavalry FC
Mark Village,0,0,Marcus Velado-Tsegaye,-,999,No Club FC
Marcus Velado-Tsegaye,0,230,Marcus Velado-Tsegaye,f,17,FC Edmonton
Marcus Haber,0,507,Marcus Haber,f,29,Cavalry FC
Marco Carducci,0,810,Marco Carducci,g,1,Cavalry FC
Triston Henry,0,900,Triston Henry,g,1,Forge FC
Marcel de Jong,0,442,Marcel de Jong,d,17,Pacific FC
Ryan Telfer,0,620,Ryan Telfer,m,18,York9 FC
Manuel Aparicio,0,530,Manny Aparicio,m,10,York9 FC
Matthew Silva,0,0,Matt Silva,-,999,No Club FC
Víctor Martínez Manrique,0,540,Viti Martínez,m,5,Atlético Ottawa
Maksym Kowal,0,51,Maksym Kowal,f,21,Atlético Ottawa
Luke Green,0,90,Luke Green,d,16,HFX Wanderers FC
Lukas MacNaughton,0,720,Lukas MacNaughton,d,6,Pacific FC
Luca Gasparotto,0,630,Luca Gasparotto,d,13,York9 FC
Lowell Wright,0,128,Lowell Wright,f,80,York9 FC
Louis Béland-Goyette,0,648,Louis Béland-Goyette,m,5,HFX Wanderers FC
Wataru Murofushi,0,329,Wataru Murofushi,m,23,York9 FC
Yohan Le Bourhis,0,90,Yohan Le Bourhis,d,4,Valour FC
Kwame Awuah,0,842,Kwame Awuah,d,6,Forge FC
Yong-Chan Son,0,303,Yong-Chan Son,m,7,FC Edmonton
Klaidi Cela,0,3,Klaidi Cela,d,16,Forge FC
Keven Steven Alemán Bustos,0,537,Keven Alemán,m,11,FC Edmonton
Tomi Ameobi,0,287,Tomi Ameobi,f,18,FC Edmonton
Thomas Meilleur-Giguère,0,900,Thomas Meilleur-Giguère,d,26,Pacific FC
Max Ferrari,0,159,Max Ferrari,m,16,York9 FC
Noah Verhoeven,0,173,Noah Verhoeven,m,19,Pacific FC
Robert Boskovic,0,479,Robert Boskovic,d,25,Cavalry FC
Richard Soares Gomes,0,0,Ricky Gomes,-,999,No Club FC
Raphaël Garcia,0,26,Raphaël Garcia,d,2,Valour FC
Raphael Ohin,0,501,Raphael Ohin,m,27,Valour FC
Ramon Soria,0,630,Ramon Soria,d,5,FC Edmonton
Prince Amanda,0,145,Prince Amanda,f,16,FC Edmonton
Peter Schaale,0,900,Peter Schaale,d,2,HFX Wanderers FC
Samuel Gardner,0,82,Sam Gardner,d,33,FC Edmonton
Omar Kreim,0,372,Omar Kreim,m,8,HFX Wanderers FC
Scott Firth,0,98,Scott Firth,m,15,HFX Wanderers FC
Oluwatofarati Fakunle,0,7,Tofa Fakunle,f,25,Cavalry FC
Sean Young,0,462,Sean Young,m,20,Pacific FC
Nolan Wirth,0,360,Nolan Wirth,g,1,Pacific FC
Sergio Camargo,0,130,Sergio Camargo,m,10,Cavalry FC
Roger Thompson,0,630,Roger Thompson,d,6,York9 FC
Nikolaos Giantsopoulos,0,90,Niko Giantsopoulos,g,22,Cavalry FC
Nico Pasquotti,0,537,Nico Pasquotti,f,17,Cavalry FC
Solomon Kojo Antwi,0,80,Solomon Kojo Antwi,m,25,Valour FC
Kareem Moses,0,140,Kareem Moses,d,12,FC Edmonton
Mélé Temguia,0,450,Mélé Temguia,d,8,FC Edmonton
Moses Dyer,0,272,Moses Dyer,m,6,Valour FC
Stefan Cebara,0,458,Stefan Cebara,m,14,Valour FC
Morey Doner,0,630,Morey Doner,d,3,York9 FC
Montther Mohsen,0,208,Monti Mohsen,d,22,Forge FC
Mohamed Kourouma,0,617,Mohamed Kourouma,f,9,Atlético Ottawa
Milovan Kapor,0,495,Milovan Kapor,d,3,Atlético Ottawa
Michel Djaozandry,0,6,Michel Djaozandry,m,12,Atlético Ottawa
Michael Petrasso,0,130,Michael Petrasso,m,21,York9 FC
Nathan Ingham,0,540,Nathan Ingham,g,29,York9 FC
Abdoulaye Samake,0,89,Abdou Samake,d,5,Pacific FC
Julian Dunn-Johnson,0,630,Julian Dunn,d,5,Valour FC
Julian Altobelli,0,0,Julian Altobelli,m,22,York9 FC
Chris Mannella,0,100,Chris Mannella,m,5,York9 FC
Chrisnovic N'Sa,0,738,Chris N'sa,d,6,HFX Wanderers FC
Christian Oxner,0,630,Christian Oxner,g,50,HFX Wanderers FC
Christopher Lenroy Nanco,0,224,Chris Nanco,f,11,Forge FC
Connor James,0,540,Connor James,g,1,FC Edmonton
Cory Bent,0,500,Cory Bent,m,23,HFX Wanderers FC
Daniel Kinumbe,0,208,Daniel Kinumbe,d,13,HFX Wanderers FC
Daniel Krutzen,0,961,Daniel Krutzen,d,5,Forge FC
Dante Campbell,0,227,Dante Campbell,m,48,Valour FC
Daryl Fordyce,0,164,Daryl Fordyce,f,16,Valour FC
David Doe,0,54,David Doe,f,26,FC Edmonton
David Edward Edgar,0,900,David Edgar,d,30,Forge FC
Dean Northover,0,355,Dean Northover,d,12,Cavalry FC
Diego Gutiérrez,0,489,Diego Gutiérrez,m,8,Valour FC
Diyaeddine Abzi,0,438,Diyaeddine Abzi,d,20,York9 FC
Dominic Samuel,0,721,Dominic Samuel,d,4,Forge FC
Dominick Zator,0,900,Dominick Zator,d,4,Cavalry FC
Chance Carter,0,203,Chance Carter,m,14,FC Edmonton
Chakib Hocine,0,66,Chakib Hocine,d,4,Valour FC
Callum Irving,0,540,Callum Irving,g,13,Pacific FC
Andrew Jean-Baptiste,0,462,Andrew Jean-Baptiste,d,35,Valour FC
Ajay Khabra,0,308,Ajay Khabra,m,23,Atlético Ottawa
Akeem Garcia,0,758,Akeem Garcia,f,11,HFX Wanderers FC
Alessandro Hojabrpour,0,385,Alessandro Hojabrpour,m,21,Pacific FC
Alex De Carolis,0,371,Alex De Carolis,d,24,HFX Wanderers FC
Alexander Börje Achinioti-Jönsson,0,792,Alexander Achinioti-Jönsson,m,13,Forge FC
Allan Zebie,0,412,Allan Zebie,d,4,FC Edmonton
Amer Didic,0,241,Amer Didic,d,55,FC Edmonton
Anthony Joseph Novak,0,381,Anthony Novak,f,23,Forge FC
Bruno Zebie,0,480,Bruno Zebie,m,16,Cavalry FC
Antoine Coupland,0,97,Antoine Coupland,m,11,Atlético Ottawa
Aribim Pepple,0,67,Aribim Pepple,f,24,Cavalry FC
Arnold Bouka Moutou,0,70,Arnold Bouka Moutou,d,29,Valour FC
Austin Ricci,0,365,Austin Ricci,f,9,Valour FC
Baj Maan,0,90,Baj Maan,g,31,Forge FC
Ben Fisk,0,601,Ben Fisk,m,10,Atlético Ottawa
Ben McKendry,0,408,Ben McKendry,m,22,Atlético Ottawa
Duran Lee,0,122,Duran Lee,d,23,FC Edmonton
Dylan Carreiro,0,333,Dylan Carreiro,m,10,Valour FC
Dylon Powley,0,90,Dylon Powley,g,13,FC Edmonton
Jems Geffrard,0,945,Jems Geffrard,d,3,HFX Wanderers FC
Jake Ruby,0,312,Jake Ruby,d,20,HFX Wanderers FC
Jamar Dixon,0,616,Jamar Dixon,m,22,Pacific FC
James Pantemis,0,630,James Pantemis,g,1,Valour FC
Jan-Michael Williams,0,0,Michael Petrasso,-,999,No Club FC
Jarred Phillips,0,290,Jarred Phillips,d,14,Atlético Ottawa
Jason Beaulieu,0,360,Jason Beaulieu,g,1,HFX Wanderers FC
Jeannot Esua,0,617,Jeannot Esua,d,3,FC Edmonton
Jonathan Grant,0,274,Jonathan Grant,d,2,Forge FC
Jace Kotsopoulos,0,28,Jace Kotsopoulos,f,12,York9 FC
Jonathan Wheeldon,0,459,Jay Wheeldon,d,14,Cavalry FC
Jordan Brown,0,657,Jordan Brown,f,9,Cavalry FC
Jordan Dunstan,0,254,Jordan Dunstan,d,21,Forge FC
Jordan Haynes,0,465,Jordan Haynes,d,3,Pacific FC
Joseph Di Chiara,0,540,Joseph Di Chiara,m,8,York9 FC
Aboubacar Sissoko,0,707,Aboubacar Sissoko,m,17,HFX Wanderers FC
José Hernández,0,102,Jose Hernandez,f,20,Cavalry FC
Jair Ayrton Córdova Carpio,0,71,Jair Córdova,f,19,Cavalry FC
Isaiah Johnston,0,18,Isaiah Johnston,m,44,York9 FC
Easton Ongaro,0,480,Easton Ongaro,f,19,FC Edmonton
Fraser Aird,0,453,Fraser Aird,m,33,Valour FC
Elimane Oumar Cissé,0,539,Elimane Cissé,m,3,Forge FC
Elliot Simmons,0,627,Elliot Simmons,m,15,Cavalry FC
Erik Zetterberg,0,465,Erik Zetterberg,m,21,FC Edmonton
Evan Brandon John,0,618,Brandon John,d,4,Atlético Ottawa
Evan Couturier,0,0,Chance Carter,-,999,No Club FC
Ezequiel Carrasco,0,90,Ezequiel Carrasco,g,37,York9 FC
Federico Peña,0,327,Federico Peña,f,77,Valour FC
Fugo Segawa,0,353,Fugo Segawa,d,26,York9 FC
Ijah Halley,0,157,Ijah Halley,d,14,York9 FC
Gabriel Monteiro Vasconcelos,0,87,Gabriel Vasconcelos,f,99,York9 FC
Gabriel Wiethaeuper-Balbinotti,0,203,Gabriel Balbinotti,f,20,Forge FC
Gianfranco Facchineri,0,206,Gianfranco Facchineri,d,6,Atlético Ottawa
Hanson Boakai,0,309,Hanson Boakai,m,10,FC Edmonton
Horace Patient Sobze Zemo,0,0,Horace Sobze Zemo,-,999,No Club FC
Ibrahima Sanoh,0,124,Ibrahima Sanoh,f,9,HFX Wanderers FC
Ignacio Zabal Almazán,0,630,Nacho Zabal,g,1,Atlético Ottawa
Álvaro Rivero Sánchez,0,359,Álvaro Rivero,f,7,York9 FC
