team,name,position,number,nationality,dob,image,flag,link,overall,display,graph,radar,g-0-o,g-1-o,g-2-o,g-3-o,g-4-o,g-6-o
Atlético Ottawa,Ajay Khabra,m,23,Canada,1995-06-13,Khabra_Ajay.2.jpg,Canada.png,https://en.wikipedia.org/wiki/Ajay_Khabra,0.36,Ajay Khabra,Ajay Khabra-graph.png,Ajay Khabra-radar.png,0.35,0.26,0.26,0.39,0.38,0.36
Atlético Ottawa,Antoine Coupland,m,11,Canada,2003-12-12,Coupland_Antoine.2.jpg,Canada.png,https://en.wikipedia.org/wiki/Antoine_Coupland,0.26,Antoine Coupland,Antoine Coupland-graph.png,Antoine Coupland-radar.png,0.25,0.25,0.22,0.29,0.28,0.26
Atlético Ottawa,Ben Fisk,m,10,Canada,1993-02-04,Fisk_Ben.2.jpg,Canada.png,https://en.wikipedia.org/wiki/Ben_Fisk,0.42,Ben Fisk,Ben Fisk-graph.png,Ben Fisk-radar.png,0.69,0.31,0.37,0.43,0.41,0.42
Atlético Ottawa,Evan Brandon John,d,4,Canada,1995-01-05,John_Brandon.1.jpg,Canada.png,https://en.wikipedia.org/wiki/Brandon_John,0.37,Brandon John,Brandon John-graph.png,Brandon John-radar.png,0.56,0.13,0.22,0.37,0.32,0.37
Atlético Ottawa,Francisco Javier Acuña Víctor,m,8,Mexico,1988-01-19,Acuña_Francisco.2.jpg,Mexico.png,https://en.wikipedia.org/wiki/Francisco_Acuña,0.62,Francisco Acuña,Francisco Acuña-graph.png,Francisco Acuña-radar.png,0.8,0.43,0.43,0.63,0.62,0.62
Atlético Ottawa,Malyk Hamilton,m,2,Canada,1999-09-02,Hamilton_Malyk.2.jpg,Canada.png,https://en.wikipedia.org/wiki/Malyk_Hamilton,0.58,Malyk Hamilton,Malyk Hamilton-graph.png,Malyk Hamilton-radar.png,0.22,0.4,0.5,0.67,0.65,0.58
Atlético Ottawa,Michel Djaozandry,m,12,Canada,1998-02-17,Djaozandry_Michel.2.jpg,Canada.png,https://en.wikipedia.org/wiki/Atl%C3%A9tico_Ottawa,0.05,Michel Djaozandry,Michel Djaozandry-graph.png,Michel Djaozandry-radar.png,0.05,0.05,0.05,0.05,0.05,0.05
Atlético Ottawa,Ignacio Zabal Almazán,g,1,Spain,1987-02-14,Nacho-Zabal.jpg,Spain.png,https://en.wikipedia.org/wiki/Nacho_Zabal,0.72,Nacho Zabal,Nacho Zabal-graph.png,Nacho Zabal-radar.png,0.65,0.38,0.53,0.7,0.65,0.72
Atlético Ottawa,Ricky Gomes,g,25,Canada,1997-07-19,Ricky-Gomes.jpg,Canada.png,https://en.wikipedia.org/wiki/Ricky_Gomes,0.05,Ricky Gomes,Ricky Gomes-graph.png,Ricky Gomes-radar.png,0.05,0.05,0.05,0.05,0.05,0.05
Atlético Ottawa,Vashon Neufville,d,44,England,1999-07-18,Neufville_Vashon.2.jpg,England.png,https://en.wikipedia.org/wiki/Vashon_Neufville,0.17,Vashon Neufville,Vashon Neufville-graph.png,Vashon Neufville-radar.png,0.05,0.07,0.05,0.19,0.16,0.17
Atlético Ottawa,Víctor Martínez Manrique,m,5,Spain,1997-05-25,Martinez_Victor.2.jpg,Spain.png,https://en.wikipedia.org/wiki/Viti_Martínez,0.36,Viti Martínez,Viti Martínez-graph.png,Viti Martínez-radar.png,0.45,0.28,0.34,0.32,0.31,0.36
Atlético Ottawa,Malcolm Isaiah Shaw,f,19,Canada,1995-07-27,Malcolm-Shaw.2.jpg,Canada.png,https://en.wikipedia.org/wiki/Atl%C3%A9tico_Ottawa,0.55,Malcolm Shaw,Malcolm Shaw-graph.png,Malcolm Shaw-radar.png,0.05,0.3,0.37,0.46,0.44,0.55
Atlético Ottawa,Gianfranco Facchineri,d,6,Canada,2002-04-27,Gianfranco-Facchineri.jpg,Canada.png,https://en.wikipedia.org/wiki/Atl%C3%A9tico_Ottawa,0.32,Gianfranco Facchineri,Gianfranco Facchineri-graph.png,Gianfranco Facchineri-radar.png,0.4,0.4,0.44,0.49,0.41,0.32
Atlético Ottawa,Matteo de Brienne,m,42,Canada,2002-05-22,Matteo-De-Brienne.jpg,Canada.png,https://en.wikipedia.org/wiki/Atl%C3%A9tico_Ottawa,0.05,Matteo  de Brienne,Matteo  de Brienne-graph.png,Matteo  de Brienne-radar.png,0.05,0.05,0.05,0.05,0.05,0.05
Atlético Ottawa,Mohamed Kourouma,f,9,Canada,1990-08-04,Mohamed-Kourouma-1.jpg,Canada.png,https://en.wikipedia.org/wiki/Mohamed_Kourouma_(soccer),0.71,Mohamed Kourouma,Mohamed Kourouma-graph.png,Mohamed Kourouma-radar.png,0.77,0.53,0.61,0.69,0.66,0.71
Atlético Ottawa,Horace Sobze Zemo,g,30,Cameroon,1993-05-17,Horace-Sobze-Zemo.jpg,Canada.png,https://en.wikipedia.org/wiki/Atl%C3%A9tico_Ottawa,0.05,Horace Sobze Zemo,Horace Sobze Zemo-graph.png,Horace Sobze Zemo-radar.png,0.05,0.05,0.05,0.05,0.05,0.05
Atlético Ottawa,Milovan Kapor,d,3,Canada,1991- 08-05,Milovan-Kapor.jpg,Canada.png,https://en.wikipedia.org/wiki/Milovan_Kapor,0.35,Milovan Kapor,Milovan Kapor-graph.png,Milovan Kapor-radar.png,0.05,0.48,0.5,0.42,0.35,0.35
Atlético Ottawa,Ben McKendry,m,22,Canada,1993-03-25,Ben-McKendry.jpg,Canada.png,https://en.wikipedia.org/wiki/Ben_McKendry,0.39,Ben McKendry,Ben McKendry-graph.png,Ben McKendry-radar.png,0.56,0.25,0.38,0.43,0.41,0.39
Atlético Ottawa,Jarred Phillips,d,14,Canada,1995-05-14,Jarred-Phillips.jpg,Canada.png,https://en.wikipedia.org/wiki/Atl%C3%A9tico_Ottawa,0.14,Jarred Phillips,Jarred Phillips-graph.png,Jarred Phillips-radar.png,0.05,0.13,0.08,0.06,0.05,0.14
Atlético Ottawa,Maksym Kowal,f,21,Canada,1991-06-04,Maksym-Kowal.jpg,Canada.png,https://en.wikipedia.org/wiki/Maksym_Kowal,0.04,Maksym Kowal,Maksym Kowal-graph.png,Maksym Kowal-radar.png,0.05,0.08,0.05,0.04,0.04,0.04
Cavalry FC,Aribim Pepple,f,24,Canada,2002-12-25,Aribim-Pepple.jpg,Canada.png,https://en.wikipedia.org/wiki/Aribim_Pepple,0.08,Aribim Pepple,Aribim Pepple-graph.png,Aribim Pepple-radar.png,0.05,0.23,0.14,0.11,0.1,0.08
Cavalry FC,Bruno Zebie,m,16,Canada,1995-08-14,Bruno-Zebie.jpg,Canada.png,https://en.wikipedia.org/wiki/Bruno_Zebie,0.36,Bruno Zebie,Bruno Zebie-graph.png,Bruno Zebie-radar.png,0.32,0.38,0.31,0.38,0.37,0.36
Cavalry FC,Dominick Zator,d,4,Canada,1994-09-18,Dominick-Zator.jpg,Canada.png,https://en.wikipedia.org/wiki/Dominick_Zator,0.57,Dominick Zator,Dominick Zator-graph.png,Dominick Zator-radar.png,0.92,0.59,0.56,0.59,0.52,0.57
Cavalry FC,Elijah Adekugbe,m,8,England,1996-07-17,Elijah-Adekugbe.jpg,England.png,https://en.wikipedia.org/wiki/Elijah_Adekugbe,0.69,Elijah Adekugbe,Elijah Adekugbe-graph.png,Elijah Adekugbe-radar.png,0.67,0.7,0.62,0.83,0.81,0.69
Cavalry FC,Elliot Simmons,m,15,Canada,1998-02-05,Elliot-Simmons.jpg,Canada.png,https://en.wikipedia.org/wiki/Elliot_Simmons,0.43,Elliot Simmons,Elliot Simmons-graph.png,Elliot Simmons-radar.png,0.37,0.28,0.39,0.41,0.4,0.43
Cavalry FC,Jair Córdova,f,19,Peru,1996-08-18,Jair-Cordova.jpg,Peru.png,https://en.wikipedia.org/wiki/Jair_Córdova,0.89,Jair Córdova,Jair Córdova-graph.png,Jair Córdova-radar.png,0.89,0.89,0.89,0.89,0.89,0.89
Cavalry FC,Jonathan Wheeldon,d,14,England,1988-08-28,Jonathan-Wheeldon.jpg,England.png,https://en.wikipedia.org/wiki/Jonathan_Wheeldon,0.29,Jay Wheeldon,Jay Wheeldon-graph.png,Jay Wheeldon-radar.png,0.37,0.23,0.16,0.25,0.22,0.29
Cavalry FC,Jordan Brown,f,9,England,1996-11-10,Jordan-Brown.jpg,England.png,https://en.wikipedia.org/wiki/Jordan_Brown,0.45,Jordan Brown,Jordan Brown-graph.png,Jordan Brown-radar.png,0.38,0.24,0.44,0.41,0.4,0.45
Cavalry FC,José Hernández,f,20,Canada,2000-03-19,Jose-Hernandez.jpg,Canada.png,https://en.wikipedia.org/wiki/Jose_Hernandez,0.03,Jose Hernandez,Jose Hernandez-graph.png,Jose Hernandez-radar.png,0.26,0.26,0.26,0.04,0.03,0.03
Cavalry FC,Marco Carducci,g,1,Canada,1995-09-25,Marco-Carducci.jpg,Canada.png,https://en.wikipedia.org/wiki/Marco_Carducci,0.43,Marco Carducci,Marco Carducci-graph.png,Marco Carducci-radar.png,0.79,0.56,0.48,0.46,0.41,0.43
Cavalry FC,Mason Trafford,d,5,Canada,1986-08-21,Mason-Trafford.jpg,Canada.png,https://en.wikipedia.org/wiki/Mason_Trafford,0.32,Mason Trafford,Mason Trafford-graph.png,Mason Trafford-radar.png,0.33,0.27,0.4,0.32,0.28,0.32
Cavalry FC,Mohamed Farsi,d,21,Canada,1999-12-16,Mohamed-Farsi.jpg,Canada.png,https://en.wikipedia.org/wiki/Mohamed_Farsi,0.34,Mohamed Farsi,Mohamed Farsi-graph.png,Mohamed Farsi-radar.png,0.2,0.27,0.38,0.31,0.26,0.34
Cavalry FC,Nathan Mavila,d,3,England,1993-10-15,Nathan-Mavila.jpg,England.png,https://en.wikipedia.org/wiki/Nathan_Mavila,0.52,Nathan Mavila,Nathan Mavila-graph.png,Nathan Mavila-radar.png,0.75,0.4,0.42,0.54,0.48,0.52
Cavalry FC,Nico Pasquotti,f,17,Canada,1995-10-18,Nico-Pasquotti.jpg,Canada.png,https://en.wikipedia.org/wiki/Nico_Pasquotti,0.55,Nico Pasquotti,Nico Pasquotti-graph.png,Nico Pasquotti-radar.png,0.73,0.61,0.6,0.57,0.55,0.55
Cavalry FC,Nikolas Ledgerwood,m,6,Canada,1985-01-16,Nik-Ledgerwood.jpg,Canada.png,https://en.wikipedia.org/wiki/Nikolas_Ledgerwood,0.62,Nik Ledgerwood,Nik Ledgerwood-graph.png,Nik Ledgerwood-radar.png,0.35,0.63,0.75,0.7,0.69,0.62
Cavalry FC,Nikolas Giantsopoulos,g,22,Canada,1994-06-24,Niklas-Giantsopoulos.jpg,Canada.png,https://en.wikipedia.org/wiki/Nikolas_Giantsopoulos,0.15,Niko Giantsopoulos,Niko Giantsopoulos-graph.png,Niko Giantsopoulos-radar.png,0.18,0.18,0.18,0.22,0.2,0.15
Cavalry FC,Oliver Minatel,f,7,Brazil,1992-08-29,Oliver-Minatel.jpg,Brazil.png,https://en.wikipedia.org/wiki/Oliver_Minatel,0.53,Oliver Minatel,Oliver Minatel-graph.png,Oliver Minatel-radar.png,0.43,0.36,0.39,0.47,0.43,0.53
Cavalry FC,Robert Boskovic,d,25,Canada,1998-07-01,Robert-Boskovic.jpg,Canada.png,https://en.wikipedia.org/wiki/Robert_Boskovic,0.27,Robert Boskovic,Robert Boskovic-graph.png,Robert Boskovic-radar.png,0.87,0.3,0.39,0.39,0.33,0.27
Cavalry FC,Sergio Camargo,m,10,Canada,1994-08-16,Sergio-Camargo.jpg,Canada.png,https://en.wikipedia.org/wiki/Sergio_Camargo,0.31,Sergio Camargo,Sergio Camargo-graph.png,Sergio Camargo-radar.png,0.67,0.54,0.45,0.37,0.36,0.31
Cavalry FC,Marcus Haber,f,29,Canada,1989-01-11,HABER.jpg,Canada.png,https://en.wikipedia.org/wiki/Marcus_Haber,0.41,Marcus Haber,Marcus Haber-graph.png,Marcus Haber-radar.png,0.17,0.55,0.42,0.44,0.44,0.41
Cavalry FC,Dean Northover,d,12,Canada,1991-09-04,NORTHOVER.jpg,Canada.png,https://en.wikipedia.org/wiki/Dean_Northover,0.23,Dean Northover,Dean Northover-graph.png,Dean Northover-radar.png,0.25,0.21,0.15,0.33,0.28,0.23
FC Edmonton,Allan Zebie,d,4,Canada,1993-05-29,Allan-Zebie.1.png,Canada.png,https://en.wikipedia.org/wiki/Allan_Zebie,0.5,Allan Zebie,Allan Zebie-graph.png,Allan Zebie-radar.png,0.6,0.19,0.21,0.27,0.23,0.5
FC Edmonton,Amer Didic,d,55,Canada,1994-12-28,Amer-Didić.1.png,Canada.png,https://en.wikipedia.org/wiki/Amer_Didic,0.03,Amer Didic,Amer Didic-graph.png,Amer Didic-radar.png,0.67,0.09,0.06,0.05,0.05,0.03
FC Edmonton,Antony Caceres,m,20,Canada,2000-01-31,Antony-Caceres.1.png,Canada.png,https://en.wikipedia.org/wiki/Anthony_Caceres,0.39,Anthony Caceres,Anthony Caceres-graph.png,Anthony Caceres-radar.png,0.05,0.22,0.23,0.33,0.33,0.39
FC Edmonton,Chance Carter,m,14,Canada,2001-09-15,Chance-Carter.1.png,Canada.png,https://en.wikipedia.org/wiki/Chance_Carter,0.25,Chance Carter,Chance Carter-graph.png,Chance Carter-radar.png,0.05,0.19,0.22,0.27,0.26,0.25
FC Edmonton,Connor James,g,1,Canada,1996-07-17,Connor-James.1.png,Canada.png,https://en.wikipedia.org/wiki/Connor_James,0.61,Connor James,Connor James-graph.png,Connor James-radar.png,0.7,0.26,0.33,0.43,0.38,0.61
FC Edmonton,David Doe,f,26,Canada,2000-11-30,David-Doe.1.png,Canada.png,https://en.wikipedia.org/wiki/David_Doe,0.01,David Doe,David Doe-graph.png,David Doe-radar.png,0.03,0.03,0.02,0.01,0.01,0.01
FC Edmonton,Duran Lee,d,23,Canada,1995-05-09,Duran-Lee.1.png,Canada.png,https://en.wikipedia.org/wiki/Duran_Lee,0.25,Duran Lee,Duran Lee-graph.png,Duran Lee-radar.png,0.28,0.28,0.28,0.28,0.28,0.25
FC Edmonton,Dylon Powley,g,13,Canada,1996-09-05,Dylon-Powley.1.png,Canada.png,https://en.wikipedia.org/wiki/Dylon_Powley,0.18,Dylon Powley,Dylon Powley-graph.png,Dylon Powley-radar.png,0.18,0.18,0.18,0.18,0.18,0.18
FC Edmonton,Easton Ongaro,f,19,Canada,1998-06-05,Easton-Ongaro.1.png,Canada.png,https://en.wikipedia.org/wiki/Easton_Ongaro,0.51,Easton Ongaro,Easton Ongaro-graph.png,Easton Ongaro-radar.png,0.52,0.12,0.2,0.3,0.3,0.51
FC Edmonton,Edem Mortotsi,m,6,Ghana,1993-04-16,Edem-Mortotsi.1.png,Ghana.png,https://en.wikipedia.org/wiki/Edem_Mortotsi,0.29,Edem Mortotsi,Edem Mortotsi-graph.png,Edem Mortotsi-radar.png,0.29,0.29,0.29,0.29,0.29,0.29
FC Edmonton,Erik Zetterberg,m,21,Sweden,1997-02-16,Erik-Zetterberg.1.png,Sweden.png,https://en.wikipedia.org/wiki/Erik_Zetterberg,0.68,Erik Zetterberg,Erik Zetterberg-graph.png,Erik Zetterberg-radar.png,0.25,0.51,0.54,0.56,0.54,0.68
FC Edmonton,Hanson Boakai,m,10,Canada,1996-10-28,Hanson-Boakai.1.png,Canada.png,https://en.wikipedia.org/wiki/Hanson_Boakai,0.49,Hanson Boakai,Hanson Boakai-graph.png,Hanson Boakai-radar.png,0.15,0.43,0.41,0.45,0.44,0.49
FC Edmonton,Jeannot Esua,d,3,Cameroon,1996-08-08,Jeannot-Esua.1.png,Cameroon.png,https://en.wikipedia.org/wiki/Jeannot_Esua,0.52,Jeannot Esua,Jeannot Esua-graph.png,Jeannot Esua-radar.png,0.52,0.23,0.38,0.45,0.39,0.52
FC Edmonton,Kareem Moses,d,12,Trinidad and Tobago,1990-02-11,Kareem-Moses.1.png,TrinidadandTobago.png,https://en.wikipedia.org/wiki/Kareem_Moses,0.16,Kareem Moses,Kareem Moses-graph.png,Kareem Moses-radar.png,0.34,0.19,0.29,0.24,0.21,0.16
FC Edmonton,Keven Steven Alemán Bustos,m,11,Canada,1994-03-25,Steven-Keven-Alemán-Bustos.jpg,Canada.png,https://en.wikipedia.org/wiki/Keven_Alemán,0.66,Keven Alemán,Keven Alemán-graph.png,Keven Alemán-radar.png,0.67,0.4,0.44,0.64,0.62,0.66
FC Edmonton,Marcus Velado-Tsegaye,f,17,Canada,2001-07-02,Marcus-Velado-Tsegaye.1.png,Canada.png,https://en.wikipedia.org/wiki/Marcus_Velado-Tsegaye,0.17,Marcus Velado-Tsegaye,Marcus Velado-Tsegaye-graph.png,Marcus Velado-Tsegaye-radar.png,0.16,0.16,0.16,0.16,0.16,0.17
FC Edmonton,Mélé Temguia,d,8,Germany,1995-08-01,Mélé-Temguia.1.png,Germany.png,https://en.wikipedia.org/wiki/Mélé_Temguia,0.74,Mélé Temguia,Mélé Temguia-graph.png,Mélé Temguia-radar.png,0.96,0.39,0.51,0.7,0.58,0.74
FC Edmonton,Prince Amanda,f,16,Canada,2001-03-23,Prince-Amanda.1.png,Canada.png,https://en.wikipedia.org/wiki/Prince_Amanda,0.06,Prince Amanda,Prince Amanda-graph.png,Prince Amanda-radar.png,0.06,0.06,0.06,0.04,0.04,0.06
FC Edmonton,Ramon Soria,d,5,Spain,1989-03-07,Ramón-Soria.1.png,Spain.png,https://en.wikipedia.org/wiki/Ramón_Soria,0.52,Ramon Soria,Ramon Soria-graph.png,Ramon Soria-radar.png,0.62,0.31,0.34,0.48,0.42,0.52
FC Edmonton,Yong-Chan Son,m,7,South Korea,1991-04-15,Yongchan-Son.1.png,SouthKorea.png,https://en.m.wikipedia.org/wiki/Son_Yong-chan,0.27,Yong-Chan Son,Yong-Chan Son-graph.png,Yong-Chan Son-radar.png,0.27,0.28,0.25,0.32,0.31,0.27
FC Edmonton,Tomi Ameobi,f,18,England,1988-08-16,Tomi-Ameobi.1.png,England.png,https://en.wikipedia.org/wiki/Tomi_Ameobi,0.27,Tomi Ameobi,Tomi Ameobi-graph.png,Tomi Ameobi-radar.png,0.4,0.09,0.13,0.16,0.15,0.27
FC Edmonton,Samuel Gardner,d,33,Canada,1997-04-04,Samuel-Gardner.jpg,Canada.png,https://en.wikipedia.org/wiki/FC_Edmonton,0.17,Sam Gardner,Sam Gardner-graph.png,Sam Gardner-radar.png,0.05,0.05,0.05,0.22,0.18,0.17
FC Edmonton,Terique Mohammed,d,57,Canada,2000-01-27,Terique-Mohammed.jpg,Canada.png,https://en.wikipedia.org/wiki/Terique_Mohammed,0.21,Terique Mohammed,Terique Mohammed-graph.png,Terique Mohammed-radar.png,0.91,0.1,0.24,0.19,0.16,0.21
Forge FC,Alexander Achinioti-Jönsson,m,13,Sweden,1996-04-17,Alexander-Achinioti-Jönsson.1.jpg,Sweden.png,https://en.wikipedia.org/wiki/Alexander_Achinioti-Jönsson,0.51,Alexander Achinioti-Jönsson,Alexander Achinioti-Jönsson-graph.png,Alexander Achinioti-Jönsson-radar.png,0.5,0.59,0.55,0.51,0.49,0.51
Forge FC,Christopher Nanco,f,11,Canada,1995-02-15,Christopher-Nanco.1.jpg,Canada.png,https://en.wikipedia.org/wiki/Chris_Nanco,0.34,Chris Nanco,Chris Nanco-graph.png,Chris Nanco-radar.png,0.42,0.33,0.18,0.26,0.25,0.34
Forge FC,Daniel Krutzen,d,5,Belgium,1996-09-19,Daniel-Krutzen.1.jpg,Belgium.png,https://en.wikipedia.org/wiki/Daniel_Krutzen,0.51,Daniel Krutzen,Daniel Krutzen-graph.png,Daniel Krutzen-radar.png,0.71,0.68,0.63,0.66,0.56,0.51
Forge FC,David Choinière,m,7,Canada,1997-02-07,David-Choiniére.1.jpg,Canada.png,https://en.wikipedia.org/wiki/David_Choinière,0.58,David Choinière,David Choinière-graph.png,David Choinière-radar.png,0.45,0.73,0.66,0.65,0.63,0.58
Forge FC,David Edgar,d,30,Canada,1987-05-19,David-Edgar.1.jpg,Canada.png,https://en.wikipedia.org/wiki/David_Edgar,0.41,David Edgar,David Edgar-graph.png,David Edgar-radar.png,0.16,0.61,0.52,0.48,0.42,0.41
Forge FC,Dominic Samuel,d,4,Canada,1994-09-29,Dominic-Samuel.1.jpg,Canada.png,https://en.wikipedia.org/wiki/Dominic_Samuel,0.46,Dominic Samuel,Dominic Samuel-graph.png,Dominic Samuel-radar.png,0.74,0.29,0.34,0.46,0.39,0.46
Forge FC,Elimane Cissé,m,3,Senegal,1995-03-12,Elimane-Cissé.1.jpg,Senegal.png,https://en.wikipedia.org/wiki/Elimane_Cissé,0.4,Elimane Cissé,Elimane Cissé-graph.png,Elimane Cissé-radar.png,0.52,0.2,0.23,0.37,0.36,0.4
Forge FC,Jonathan Grant,d,2,Canada,1993-10-15,Jonathan-Grant.1.jpg,Canada.png,https://en.wikipedia.org/wiki/Jonathan_Grant,0.07,Jonathan Grant,Jonathan Grant-graph.png,Jonathan Grant-radar.png,0.33,0.17,0.12,0.1,0.09,0.07
Forge FC,Kadell Thomas,f,17,Canada,1996-11-26,Kadell-Thomas.1.jpg,Canada.png,https://en.wikipedia.org/wiki/Kadell_Thomas,0.22,Kadell Thomas,Kadell Thomas-graph.png,Kadell Thomas-radar.png,0.21,0.31,0.38,0.28,0.26,0.22
Forge FC,Klaidi Cela,d,16,Canada,1999-07-16,Klaidi-Cela.1.jpg,Canada.png,https://en.wikipedia.org/wiki/Klaidi_Cela,0.0,Klaidi Cela,Klaidi Cela-graph.png,Klaidi Cela-radar.png,0.15,0.0,0.0,0.0,0.0,0.0
Forge FC,Kwame Awuah,d,6,Canada,1995-12-02,Kwame-Awuah.1.jpg,Canada.png,https://en.wikipedia.org/wiki/Kwame_Awuah,0.57,Kwame Awuah,Kwame Awuah-graph.png,Kwame Awuah-radar.png,0.9,0.76,0.69,0.67,0.58,0.57
Forge FC,Kyle Bekker,m,10,Canada,1990-09-02,Kyle-Bekker.1.jpg,Canada.png,https://en.wikipedia.org/wiki/Kyle_Bekker,0.59,Kyle Bekker,Kyle Bekker-graph.png,Kyle Bekker-radar.png,0.77,0.61,0.68,0.72,0.7,0.59
Forge FC,Marcel Zajac,f,9,Canada,1998-04-29,Marcel-Zajac.1.jpg,Canada.png,https://en.wikipedia.org/wiki/Marcel_Zajac,0.17,Marcel Zajac,Marcel Zajac-graph.png,Marcel Zajac-radar.png,0.35,0.13,0.3,0.21,0.2,0.17
Forge FC,Monti Mohsen,d,22,Canada,2000-06-13,Monti-Mohsen.1.jpg,Canada.png,https://en.wikipedia.org/wiki/Monti_Mohsen,0.08,Monti Mohsen,Monti Mohsen-graph.png,Monti Mohsen-radar.png,0.12,0.12,0.12,0.12,0.12,0.08
Forge FC,Triston Henry,g,1,Canada,1993-09-08,Triston-Henry.1.jpg,Canada.png,https://en.wikipedia.org/wiki/Triston_Henry,0.71,Triston Henry,Triston Henry-graph.png,Triston Henry-radar.png,0.71,1.0,0.71,0.73,0.68,0.71
Forge FC,Anthony Novak,f,23,Canada,1994-03-27,Anthony-Novak.1.jpg,Canada.png,https://en.wikipedia.org/wiki/Anthony_Novak,0.31,Anthony Novak,Anthony Novak-graph.png,Anthony Novak-radar.png,0.48,0.41,0.29,0.26,0.25,0.31
Forge FC,Maxim Tissot,d,15,Canada,1992-04-13,Tissot_Max.png,Canada.png,https://en.wikipedia.org/wiki/Maxim_Tissot,0.14,Maxim Tissot,Maxim Tissot-graph.png,Maxim Tissot-radar.png,0.89,0.19,0.14,0.18,0.15,0.14
Forge FC,Gabriel Wiethaeuper-Balbinotti,f,20,Canada,1998-04-12,Balbinotti_Gabriel.png,Canada.png,https://en.wikipedia.org/wiki/Gabriel_Wiethaeuper-Balbinotti,0.07,Gabriel Balbinotti,Gabriel Balbinotti-graph.png,Gabriel Balbinotti-radar.png,0.59,0.59,0.59,0.03,0.03,0.07
Forge FC,Jordan Dunstan,d,21,Canada,1993-03-21,Dunstan_Jordan.png,Canada.png,https://en.wikipedia.org/wiki/Jordan_Dunstan,0.06,Jordan Dunstan,Jordan Dunstan-graph.png,Jordan Dunstan-radar.png,0.18,0.18,0.18,0.1,0.07,0.06
Forge FC,Baj Maan,g,31,Canada,2000-06-12,Maan_Baj.png,Canada.png,https://en.wikipedia.org/wiki/Forge_FC,0.12,Baj Maan,Baj Maan-graph.png,Baj Maan-radar.png,0.12,0.12,0.12,0.12,0.12,0.12
Forge FC,Paolo Sabak,m,24,Belgium,1999-02-10,Sabak_Paolo.png,Belgium.png,https://en.wikipedia.org/wiki/Paolo_Sabak,0.59,Paolo Sabak,Paolo Sabak-graph.png,Paolo Sabak-radar.png,0.68,0.53,0.63,0.59,0.58,0.59
Forge FC,Molham Babouli,f,19,Canada,1993-01-02,Babouli_Mo.png,Canada.png,https://en.wikipedia.org/wiki/Mo_Babouli,0.26,Mo Babouli,Mo Babouli-graph.png,Mo Babouli-radar.png,0.05,0.31,0.24,0.29,0.27,0.26
HFX Wanderers FC,Aboubacar Sissoko,m,17,Mali,1995-10-09,Aboubacar-Sissoko.1.jpg,Mali.png,https://en.wikipedia.org/wiki/HFX_Wanderers_FC,0.52,Aboubacar Sissoko,Aboubacar Sissoko-graph.png,Aboubacar Sissoko-radar.png,0.05,0.41,0.47,0.55,0.53,0.52
HFX Wanderers FC,Akeem Garcia,f,11,Trinidad and Tobago,1996-11-09,Akeem-Garcia.1.jpg,TrinidadandTobago.png,https://en.wikipedia.org/wiki/Akeem_Garcia,0.51,Akeem Garcia,Akeem Garcia-graph.png,Akeem Garcia-radar.png,0.47,0.14,0.31,0.36,0.35,0.51
HFX Wanderers FC,Alessandro Riggi,f,10,Canada,1993-11-30,Alessandro-Riggi.1.jpg,Canada.png,https://en.wikipedia.org/wiki/Alessandro_Riggi,0.35,Alessandro Riggi,Alessandro Riggi-graph.png,Alessandro Riggi-radar.png,0.94,0.15,0.09,0.06,0.06,0.35
HFX Wanderers FC,Alex De Carolis,d,24,Canada,1992-09-24,Alex-De-Carolis.1.jpg,Canada.png,https://en.wikipedia.org/wiki/Alex_De_Carolis,0.23,Alex De Carolis,Alex De Carolis-graph.png,Alex De Carolis-radar.png,0.4,0.21,0.13,0.11,0.09,0.23
HFX Wanderers FC,Alex Marshall,m,7,Jamaica,1998-02-24,alex_marshall.jpg,Jamaica.png,https://en.wikipedia.org/wiki/Alex_Marshall,0.44,Alex Marshall,Alex Marshall-graph.png,Alex Marshall-radar.png,0.05,0.22,0.36,0.37,0.37,0.44
HFX Wanderers FC,Andre Rampersad,m,18,Trinidad and Tobago,1995-02-02,Andre-Rampersad.1.jpg,TrinidadandTobago.png,https://en.wikipedia.org/wiki/Andre_Rampersad,0.68,Andre Rampersad,Andre Rampersad-graph.png,Andre Rampersad-radar.png,0.57,0.34,0.41,0.52,0.51,0.68
HFX Wanderers FC,Chrisnovic N'Sa,d,6,Canada,1999-01-28,Chrisnovic-N_sa.1.jpg,Canada.png,https://en.wikipedia.org/wiki/Chrisnovic_N'sa,0.7,Chris N'sa,Chris N'sa-graph.png,Chris N'sa-radar.png,0.41,0.41,0.37,0.51,0.42,0.7
HFX Wanderers FC,Christian Oxner,g,50,Canada,1996-07-29,Christian-Oxner.1.jpg,Canada.png,https://en.wikipedia.org/wiki/Christian_Oxner,0.19,Christian Oxner,Christian Oxner-graph.png,Christian Oxner-radar.png,0.54,0.54,0.54,0.54,0.54,0.19
HFX Wanderers FC,Daniel Kinumbe,d,13,Canada,1999-03-15,Daniel-Kinumbe.1.jpg,Canada.png,https://en.wikipedia.org/wiki/Daniel_Kinumbe,0.06,Daniel Kinumbe,Daniel Kinumbe-graph.png,Daniel Kinumbe-radar.png,0.95,0.95,0.11,0.09,0.08,0.06
HFX Wanderers FC,Ibrahima Sanoh,f,9,Guinea,1994-04-11,Ibrahima-Sanoh.1.jpg,Guinea.png,https://en.wikipedia.org/wiki/Ibrahima_Sanoh,0.14,Ibrahima Sanoh,Ibrahima Sanoh-graph.png,Ibrahima Sanoh-radar.png,0.05,0.22,0.15,0.16,0.16,0.14
HFX Wanderers FC,Jason Beaulieu,g,1,Canada,1994-02-12,Jason-Beaulieu.1.jpg,Canada.png,https://en.wikipedia.org/wiki/Jason_Beaulieu,0.31,Jason Beaulieu,Jason Beaulieu-graph.png,Jason Beaulieu-radar.png,0.24,0.26,0.34,0.44,0.39,0.31
HFX Wanderers FC,Jems Geffrard,d,3,Haiti,1994-08-26,Jems-Geffrard.1.jpg,Haiti.png,https://en.wikipedia.org/wiki/Jems_Geffrard,0.44,Jems Geffrard,Jems Geffrard-graph.png,Jems Geffrard-radar.png,0.78,0.24,0.3,0.37,0.32,0.44
HFX Wanderers FC,João Morelli Neto,f,22,Brazil,1996-03-11,João-Morelli.1.jpg,Brazil.png,https://en.wikipedia.org/wiki/João_Morelli,0.56,João Morelli,João Morelli-graph.png,João Morelli-radar.png,0.97,0.35,0.2,0.28,0.27,0.56
HFX Wanderers FC,Louis Béland-Goyette,m,5,Canada,1995-09-15,Louis-Béland-Goyette.1.jpg,Canada.png,https://en.wikipedia.org/wiki/Louis_Béland-Goyette,0.55,Louis Béland-Goyette,Louis Béland-Goyette-graph.png,Louis Béland-Goyette-radar.png,0.64,0.41,0.47,0.57,0.55,0.55
HFX Wanderers FC,Mateo Restrepo,d,14,Canada,1997-04-29,mateo_restrepo.jpg,Canada.png,https://en.wikipedia.org/wiki/Mateo_Restrepo,0.55,Mateo Restrepo,Mateo Restrepo-graph.png,Mateo Restrepo-radar.png,0.05,0.0,0.43,0.48,0.4,0.55
HFX Wanderers FC,Omar Kreim,m,8,Morocco,1995-02-10,Omar-Kreim.1.jpg,Morocco.png,https://en.wikipedia.org/wiki/Omar_Kreim,0.1,Omar Kreim,Omar Kreim-graph.png,Omar Kreim-radar.png,0.05,0.05,0.03,0.05,0.04,0.1
HFX Wanderers FC,Peter Schaale,d,2,Germany,1996-06-14,Peter-Schaale.1.jpg,Germany.png,https://en.wikipedia.org/wiki/Peter_Schaale,0.61,Peter Schaale,Peter Schaale-graph.png,Peter Schaale-radar.png,0.62,0.38,0.45,0.55,0.47,0.61
HFX Wanderers FC,Scott Firth,m,15,Canada,2001-03-02,Scott-Firth.jpg,Canada.png,https://en.wikipedia.org/wiki/Scott_Firth,0.2,Scott Firth,Scott Firth-graph.png,Scott Firth-radar.png,0.1,0.1,0.1,0.1,0.1,0.2
HFX Wanderers FC,Cory Bent,m,23,England,1997-05-14,Cory-Bent.1.jpg,England.png,https://en.wikipedia.org/wiki/Scott_Firth,0.48,Cory Bent,Cory Bent-graph.png,Cory Bent-radar.png,0.05,0.55,0.57,0.57,0.55,0.48
HFX Wanderers FC,Jake Ruby,d,20,Canada,2000-06-04,jake_ruby.jpg,Canada.png,https://en.wikipedia.org/wiki/HFX_Wanderers_FC,0.14,Jake Ruby,Jake Ruby-graph.png,Jake Ruby-radar.png,0.05,0.31,0.26,0.22,0.19,0.14
HFX Wanderers FC,Luke Green,d,16,Canada,2002-12-12,luke_green.jpg,Canada.png,https://en.wikipedia.org/wiki/HFX_Wanderers_FC,0.05,Luke Green,Luke Green-graph.png,Luke Green-radar.png,0.05,0.05,0.05,0.05,0.05,0.05
Pacific FC,Abdoulaye Samake,d,5,Mali,1996-10-07,Abdou-Samake.1.png,Mali.png,https://en.wikipedia.org/wiki/Abdou_Samake,0.05,Abdou Samake,Abdou Samake-graph.png,Abdou Samake-radar.png,0.05,0.05,0.05,0.05,0.05,0.05
Pacific FC,Alejandro Díaz Liceága,f,9,Mexico,1996-01-27,Alejandro-Diaz.1.png,Mexico.png,https://en.wikipedia.org/wiki/Alejandro_Díaz,0.31,Alejandro Diaz,Alejandro Diaz-graph.png,Alejandro Diaz-radar.png,0.95,0.11,0.09,0.19,0.37,0.31
Pacific FC,Alessandro Hojabrpour,m,21,Canada,2000-01-10,Alessandro-Hojabrpour.1.png,Canada.png,https://en.wikipedia.org/wiki/Alessandro_Hojabrpour,0.32,Alessandro Hojabrpour,Alessandro Hojabrpour-graph.png,Alessandro Hojabrpour-radar.png,0.27,0.3,0.36,0.35,0.37,0.32
Pacific FC,Callum Irving,g,13,Canada,1993-03-16,Callum-Irving.1.png,Canada.png,https://en.wikipedia.org/wiki/Callum_Irving,0.41,Callum Irving,Callum Irving-graph.png,Callum Irving-radar.png,0.95,0.95,0.95,0.95,0.52,0.41
Pacific FC,Jamar Dixon,m,22,Canada,1989-06-05,Jamar-Dixon.1.png,Canada.png,https://en.wikipedia.org/wiki/Jamar_Dixon,0.41,Jamar Dixon,Jamar Dixon-graph.png,Jamar Dixon-radar.png,0.89,0.21,0.29,0.4,0.48,0.41
Pacific FC,Kadin Chung,d,7,Canada,1998-09-05,Kadin-Chung.1.png,Canada.png,https://en.wikipedia.org/wiki/Kadin_Chung,0.54,Kadin Chung,Kadin Chung-graph.png,Kadin Chung-radar.png,0.79,0.48,0.52,0.63,0.68,0.54
Pacific FC,Lukas MacNaughton,d,6,United States,1995-03-08,Lukas-MacNaughton.1.png,Canada.png,https://en.wikipedia.org/wiki/Lukas_MacNaughton,0.49,Lukas MacNaughton,Lukas MacNaughton-graph.png,Lukas MacNaughton-radar.png,0.5,0.15,0.38,0.49,0.6,0.49
Pacific FC,Marcel de Jong,d,17,Canada,1986-10-15,Marcel-De-Jong.1.png,Canada.png,https://en.wikipedia.org/wiki/Marcel_de_Jong,0.26,Marcel de Jong,Marcel de Jong-graph.png,Marcel de Jong-radar.png,0.02,0.02,0.1,0.21,0.32,0.26
Pacific FC,Marco Bustos,m,10,Canada,1996-04-22,Marco-Bustos.1.png,Canada.png,https://en.wikipedia.org/wiki/Marco_Bustos,0.55,Marco Bustos,Marco Bustos-graph.png,Marco Bustos-radar.png,0.91,0.6,0.65,0.63,0.73,0.55
Pacific FC,Matthew Baldisimo,m,8,Canada,1998-01-20,Matthew-Baldisimo.1.png,Canada.png,https://en.wikipedia.org/wiki/Matthew_Baldisimo,0.52,Matthew Baldisimo,Matthew Baldisimo-graph.png,Matthew Baldisimo-radar.png,0.51,0.48,0.49,0.48,0.66,0.52
Pacific FC,Noah Verhoeven,m,19,Canada,1999-06-15,Noah-Verhoeven.1.png,Canada.png,https://en.wikipedia.org/wiki/Noah_Verhoeven,0.28,Noah Verhoeven,Noah Verhoeven-graph.png,Noah Verhoeven-radar.png,0.49,0.26,0.23,0.32,0.31,0.28
Pacific FC,Nolan Wirth,g,1,Canada,1995-01-24,Nolan-Wirth.1.png,Canada.png,https://en.wikipedia.org/wiki/Nolan_Wirth,0.25,Nolan Wirth,Nolan Wirth-graph.png,Nolan Wirth-radar.png,0.45,0.26,0.25,0.35,0.32,0.25
Pacific FC,Terran Campbell,f,14,Canada,1998-10-10,Terran-Campbell.1.png,Canada.png,https://en.wikipedia.org/wiki/Terran_Campbell,0.29,Terran Campbell,Terran Campbell-graph.png,Terran Campbell-radar.png,0.8,0.26,0.34,0.3,0.33,0.29
Pacific FC,Thomas Meilleur-Giguère,d,26,Canada,1997-11-13,Thomas-Meilleur-Giguère.1.png,Canada.png,https://en.wikipedia.org/wiki/Thomas_Meilleur-Giguère,0.32,Thomas Meilleur-Giguère,Thomas Meilleur-Giguère-graph.png,Thomas Meilleur-Giguère-radar.png,0.95,0.17,0.23,0.34,0.39,0.32
Pacific FC,Victor Blasco,m,23,Spain,1994-07-01,Victor-Blasco.1.png,Spain.png,https://en.wikipedia.org/wiki/Victor_Blasco,0.63,Victor Blasco,Victor Blasco-graph.png,Victor Blasco-radar.png,0.72,0.46,0.68,0.64,0.82,0.63
Pacific FC,Zachary Verhoven,m,16,Canada,1998-08-17,Zach-Verhoven.1.png,Canada.png,https://en.wikipedia.org/wiki/Zachary_Verhoven,0.54,Zach Verhoven,Zach Verhoven-graph.png,Zach Verhoven-radar.png,0.43,0.55,0.56,0.67,0.67,0.54
Pacific FC,Jordan Haynes,d,3,Canada,1996-01-17,Jordan-Haynes.png,Canada.png,https://en.wikipedia.org/wiki/Jordan_Haynes,0.21,Jordan Haynes,Jordan Haynes-graph.png,Jordan Haynes-radar.png,0.05,0.45,0.34,0.29,0.26,0.21
Pacific FC,Sean Young,m,20,Canada,2001-04-20,Sean-Young.jpg,Canada.png,https://en.wikipedia.org/wiki/Pacific_FC,0.27,Sean Young,Sean Young-graph.png,Sean Young-radar.png,0.05,0.05,0.18,0.21,0.3,0.27
Pacific FC,Josh Heard,m,11,Wales,1994-11-29,Josh-Heard.jpg,Wales.png,https://en.wikipedia.org/wiki/Josh_Heard,0.2,Josh Heard,Josh Heard-graph.png,Josh Heard-radar.png,0.05,0.22,0.21,0.21,0.21,0.2
Valour FC,Andrew Jean-Baptiste,d,35,Haiti,1992-06-16,Andrew-Jean-Baptiste.1.png,Haiti.png,https://en.wikipedia.org/wiki/Andrew_Jean-Baptiste,0.56,Andrew Jean-Baptiste,Andrew Jean-Baptiste-graph.png,Andrew Jean-Baptiste-radar.png,0.05,0.24,0.41,0.42,0.49,0.56
Valour FC,Arnold Bouka Moutou,d,29,Congo,1988-11-28,empty.jpg,Congo.png,https://en.wikipedia.org/wiki/Arnold_Bouka_Moutou,0.09,Arnold Bouka Moutou,Arnold Bouka Moutou-graph.png,Arnold Bouka Moutou-radar.png,0.98,0.25,0.16,0.13,0.11,0.09
Valour FC,Brett Levis,m,17,Canada,1993-03-29,Brett-Levis.1.png,Canada.png,https://en.wikipedia.org/wiki/Brett_Levis,0.52,Brett Levis,Brett Levis-graph.png,Brett Levis-radar.png,0.87,0.44,0.63,0.65,0.64,0.52
Valour FC,Daryl Fordyce,f,16,Northern Ireland,1987-01-02,Daryl-Fordyce.png,Ireland.png,https://en.wikipedia.org/wiki/Daryl_Fordyce,0.19,Daryl Fordyce,Daryl Fordyce-graph.png,Daryl Fordyce-radar.png,0.94,0.16,0.08,0.08,0.08,0.19
Valour FC,Diego Gutiérrez,m,8,Canada,1997-02-18,Diego-Gutiérrez.1.png,Canada.png,https://en.wikipedia.org/wiki/Diego_Gutiérrez,0.53,Diego Gutiérrez,Diego Gutiérrez-graph.png,Diego Gutiérrez-radar.png,0.41,0.23,0.38,0.48,0.54,0.53
Valour FC,Dylan Carreiro,m,10,Canada,1995-01-20,Dylan-Carreiro.1.png,Canada.png,https://en.wikipedia.org/wiki/Dylan_Carreiro,0.46,Dylan Carreiro,Dylan Carreiro-graph.png,Dylan Carreiro-radar.png,0.33,0.25,0.36,0.34,0.49,0.46
Valour FC,Federico Peña,f,77,Trinidad and Tobago,1999-03-30,Federico-Pena.jpg,TrinidadandTobago.png,https://en.wikipedia.org/wiki/Federico_Peña,0.29,Federico Peña,Federico Peña-graph.png,Federico Peña-radar.png,0.05,0.05,0.06,0.17,0.23,0.29
Valour FC,Fraser Aird,m,33,Canada,1995-02-02,Fraser-Aird.1.png,Canada.png,https://en.wikipedia.org/wiki/Fraser_Aird,0.46,Fraser Aird,Fraser Aird-graph.png,Fraser Aird-radar.png,0.95,0.33,0.53,0.5,0.57,0.46
Valour FC,James Pantemis,g,1,Canada,1997-02-21,James-Pantemis.1.png,Canada.png,https://en.wikipedia.org/wiki/James_Pantemis,0.78,James Pantemis,James Pantemis-graph.png,James Pantemis-radar.png,0.52,0.2,0.37,0.69,0.86,0.78
Valour FC,José Antonio Galán Pedrosa,m,21,Spain,1986-02-02,José-Galán.1.png,Spain.png,https://en.wikipedia.org/wiki/José_Antonio_Galán_Pedrosa,0.37,José Galán,José Galán-graph.png,José Galán-radar.png,0.25,0.25,0.33,0.28,0.29,0.37
Valour FC,Mastanabal Kacher,f,7,Algeria,1995-11-08,empty.jpg,Algeria.png,https://en.wikipedia.org/wiki/Masta_Kacher,0.4,Masta Kacher,Masta Kacher-graph.png,Masta Kacher-radar.png,0.78,0.05,0.25,0.28,0.38,0.4
Valour FC,Moses Dyer,m,6,New Zealand,1997-03-21,Moses-Dyer.1.png,NewZealand.png,https://en.wikipedia.org/wiki/Moses_Dyer,0.1,Moses Dyer,Moses Dyer-graph.png,Moses Dyer-radar.png,0.45,0.01,0.09,0.14,0.13,0.1
Valour FC,Matt Silva,g,0,Canada,1997-04-09,Mathew-Silva.jpg,Canada.png,https://en.wikipedia.org/wiki/Matt_Silva_(soccer),0.05,Matt Silva,Matt Silva-graph.png,Matt Silva-radar.png,0.05,0.05,0.05,0.05,0.05,0.05
Valour FC,Raphael Ohin,m,27,Ghana,1995-05-25,Raphael-Ohin.jpg,Ghana.png,https://en.wikipedia.org/wiki/Raphael_Ohin,0.52,Raphael Ohin,Raphael Ohin-graph.png,Raphael Ohin-radar.png,0.35,0.26,0.35,0.45,0.53,0.52
Valour FC,Raphaël Garcia,d,2,Canada,1999-05-06,Raphael-Garcia.1.png,Canada.png,https://en.wikipedia.org/wiki/Raphaël_Garcia,0.45,Raphaël Garcia,Raphaël Garcia-graph.png,Raphaël Garcia-radar.png,0.45,0.45,0.45,0.45,0.45,0.45
Valour FC,Solomon Kojo Antwi,m,25,Ghana,2000-09-25,Soloman-Antwi.1.png,Ghana.png,https://en.wikipedia.org/wiki/Valour_FC,0.25,Solomon Kojo Antwi,Solomon Kojo Antwi-graph.png,Solomon Kojo Antwi-radar.png,0.05,0.2,0.24,0.22,0.23,0.25
Valour FC,Stefan Cebara,m,14,Canada,1991-04-12,Stefan-Cebara.1.png,Canada.png,https://en.wikipedia.org/wiki/Stefan_Cebara,0.53,Stefan Cebara,Stefan Cebara-graph.png,Stefan Cebara-radar.png,0.56,0.34,0.4,0.44,0.54,0.53
Valour FC,Yohan Le Bourhis,d,4,Canada,2000-03-09,Yohan-Le-Bourhis.1.png,Canada.png,https://en.wikipedia.org/wiki/Yohan_Le_Bourhis,0.21,Yohan Le Bourhis,Yohan Le Bourhis-graph.png,Yohan Le Bourhis-radar.png,0.21,0.21,0.21,0.21,0.21,0.21
Valour FC,Austin Ricci,f,9,Canada,1996-04-08,Austin-Ricci-.jpg,Canada.png,https://en.wikipedia.org/wiki/Shaan_Hundal,0.3,Austin Ricci,Austin Ricci-graph.png,Austin Ricci-radar.png,0.09,0.09,0.22,0.22,0.28,0.3
Valour FC,Shaan Hundal,f,11,Canada,1999-07-14,empty.jpg,Canada.png,https://en.wikipedia.org/wiki/Austin_Ricci,0.41,Shaan Hundal,Shaan Hundal-graph.png,Shaan Hundal-radar.png,0.78,0.14,0.31,0.36,0.46,0.41
Valour FC,Chakib Hocine,d,4,Algeria,1991-08-08,Chakib-Hocine.png,Algeria.png,https://en.wikipedia.org/wiki/Chakib_Hocine,0.08,Chakib Hocine,Chakib Hocine-graph.png,Chakib Hocine-radar.png,0.08,0.08,0.08,0.08,0.08,0.08
Valour FC,Julian Dunn-Johnson,d,5,Canada,2000-06-01,empty.jpg,Canada.png,https://en.wikipedia.org/wiki/Julian_Dunn-Johnson,0.52,Julian Dunn,Julian Dunn-graph.png,Julian Dunn-radar.png,0.85,0.23,0.3,0.43,0.45,0.52
Valour FC,Dante Campbell,m,48,Canada,1999-05-22,empty.jpg,Canada.png,https://en.wikipedia.org/wiki/Dante_Campbell,0.33,Dante Campbell,Dante Campbell-graph.png,Dante Campbell-radar.png,0.68,0.3,0.25,0.25,0.28,0.33
York9 FC,Isaiah Johnston,m,44,Canada,2001-08-14,Isaiah-Johnston.jpg,Canada.png,https://en.wikipedia.org/wiki/Adrián_Ugarriza,0.01,Isaiah Johnston,Isaiah Johnston-graph.png,Isaiah Johnston-radar.png,0.05,0.05,0.01,0.01,0.01,0.01
York9 FC,Chris Mannella,m,5,Canada,1994-06-07,Chris_Mannella_1.jpg,Canada.png,https://en.wikipedia.org/wiki/Chris_Mannella,0.86,Chris Mannella,Chris Mannella-graph.png,Chris Mannella-radar.png,0.86,0.86,0.86,0.86,0.86,0.86
York9 FC,Ezequiel Carrasco,g,37,Canada,2002-09-11,Ezequeil-Carrasco-1.jpg,Canada.png,https://en.wikipedia.org/wiki/York9_FC,0.06,Ezequiel Carrasco,Ezequiel Carrasco-graph.png,Ezequiel Carrasco-radar.png,0.05,0.05,0.05,0.05,0.05,0.06
York9 FC,Diyaeddine Abzi,d,20,Canada,1998-11-23,Abzi-Headshot.jpg,Canada.png,https://en.wikipedia.org/wiki/Diyaeddine_Abzi,0.35,Diyaeddine Abzi,Diyaeddine Abzi-graph.png,Diyaeddine Abzi-radar.png,0.92,0.35,0.5,0.51,0.43,0.35
York9 FC,Fugo Segawa,d,26,Japan,1997-08-11,Segawa-Headshot.jpg,Japan.png,https://en.wikipedia.org/wiki/Fugo_Segawa,0.2,Fugo Segawa,Fugo Segawa-graph.png,Fugo Segawa-radar.png,0.21,0.21,0.21,0.01,0.01,0.2
York9 FC,Gabriel Monteiro Vasconcelos,f,99,Brazil,1996-03-15,Gabriel-Vasconcelos.jpg,Brazil.png,https://en.wikipedia.org/wiki/Gabriel_Vasconcelos,0.05,Gabriel Vasconcelos,Gabriel Vasconcelos-graph.png,Gabriel Vasconcelos-radar.png,0.97,0.06,0.03,0.02,0.02,0.05
York9 FC,Álvaro Rivero Sánchez,f,7,Spain,1997-04-17,Alvaro-Rivero.jpg,Spain.png,https://en.wikipedia.org/wiki/York9_FC,0.25,Álvaro Rivero,Álvaro Rivero-graph.png,Álvaro Rivero-radar.png,0.39,0.06,0.2,0.22,0.21,0.25
York9 FC,Joseph Di Chiara,m,8,Canada,1992-01-30,Joseph-Di-Chiara.jpg,Canada.png,https://en.wikipedia.org/wiki/Joseph_Di_Chiara,0.8,Joseph Di Chiara,Joseph Di Chiara-graph.png,Joseph Di Chiara-radar.png,0.46,0.59,0.61,0.62,0.6,0.8
York9 FC,Kyle Porter,m,19,Canada,1990-01-19,Porter-Headshot.jpg,Canada.png,https://en.wikipedia.org/wiki/Kyle_Porter,0.57,Kyle Porter,Kyle Porter-graph.png,Kyle Porter-radar.png,0.65,0.48,0.47,0.43,0.42,0.57
York9 FC,Luca Gasparotto,d,13,Canada,1995-03-09,Gasparotto-Headshot.jpg,Canada.png,https://en.wikipedia.org/wiki/Luca_Gasparotto,0.61,Luca Gasparotto,Luca Gasparotto-graph.png,Luca Gasparotto-radar.png,0.93,0.33,0.45,0.52,0.45,0.61
York9 FC,Manuel Aparicio,m,10,Canada,1995-09-17,Manuel-Aparicio.jpg,Canada.png,https://en.wikipedia.org/wiki/Manuel_Aparicio,0.56,Manny Aparicio,Manny Aparicio-graph.png,Manny Aparicio-radar.png,0.64,0.64,0.27,0.4,0.39,0.56
York9 FC,Matthew Arnone,d,17,Canada,1994-02-28,Arnone-Headshot-copy.jpg,Canada.png,https://en.wikipedia.org/wiki/Matthew_Arnone,0.07,Matthew Arnone,Matthew Arnone-graph.png,Matthew Arnone-radar.png,0.67,0.18,0.12,0.1,0.08,0.07
York9 FC,Max Ferrari,m,16,Canada,2000-08-20,Max-Ferrari.jpg,Canada.png,https://en.wikipedia.org/wiki/Max_Ferrari,0.35,Max Ferrari,Max Ferrari-graph.png,Max Ferrari-radar.png,0.05,0.31,0.31,0.36,0.35,0.35
York9 FC,Michael Petrasso,m,21,Canada,1995-07-09,Michael-Petrasso.jpg,Canada.png,https://en.wikipedia.org/wiki/Michael_Petrasso,0.17,Michael Petrasso,Michael Petrasso-graph.png,Michael Petrasso-radar.png,0.6,0.6,0.16,0.19,0.19,0.17
York9 FC,Morey Doner,d,3,Canada,1994-03-25,Doner-Headshot.jpg,Canada.png,https://en.wikipedia.org/wiki/Morey_Doner,0.35,Morey Doner,Morey Doner-graph.png,Morey Doner-radar.png,0.86,0.21,0.27,0.32,0.27,0.35
York9 FC,Nathan Ingham,g,29,Canada,1993-06-27,Ingham-Headshot.jpg,Canada.png,https://en.wikipedia.org/wiki/Nathan_Ingham,0.49,Nathan Ingham,Nathan Ingham-graph.png,Nathan Ingham-radar.png,0.93,0.15,0.28,0.5,0.45,0.49
York9 FC,Jace Kotsopoulos,f,12,Canada,1997-12-01,Jace-Kotsopolous.jpg,Canada.png,https://en.wikipedia.org/wiki/Jace_Kotsopoulos,0.04,Jace Kotsopoulos,Jace Kotsopoulos-graph.png,Jace Kotsopoulos-radar.png,0.05,0.05,0.05,0.05,0.04,0.04
York9 FC,Ryan Telfer,m,18,Canada,1994-03-04,Tefler-Headshot.jpg,Canada.png,https://en.wikipedia.org/wiki/Ryan_Telfer,0.7,Ryan Telfer,Ryan Telfer-graph.png,Ryan Telfer-radar.png,0.79,0.53,0.52,0.62,0.6,0.7
York9 FC,Roger Thompson,d,6,Canada,1991-12-19,Roger-Thompson.jpg,Canada.png,https://en.wikipedia.org/wiki/Roger_Thompson,0.58,Roger Thompson,Roger Thompson-graph.png,Roger Thompson-radar.png,0.23,0.36,0.45,0.51,0.44,0.58
York9 FC,Wataru Murofushi,m,23,Japan,1995-06-13,Wataru-Murofushi.jpg,Japan.png,https://en.wikipedia.org/wiki/Wataru_Murofushi,0.39,Wataru Murofushi,Wataru Murofushi-graph.png,Wataru Murofushi-radar.png,0.45,0.25,0.32,0.41,0.4,0.39
York9 FC,Julian Altobelli,m,22,Canada,2002-11-04,Julian-Altobelli.jpg,Canada.png,https://en.wikipedia.org/wiki/York9_FC,0.05,Julian Altobelli,Julian Altobelli-graph.png,Julian Altobelli-radar.png,0.05,0.05,0.05,0.05,0.05,0.05
York9 FC,Ijah Halley,d,14,Canada,2001-04-28,Ijah-Halley.jpg,Canada.png,https://en.wikipedia.org/wiki/York9_FC,0.14,Ijah Halley,Ijah Halley-graph.png,Ijah Halley-radar.png,0.05,0.04,0.03,0.02,0.02,0.14
York9 FC,Lowell Wright,f,80,Canada,2001-04-28,Lowell-Wright.jpg,Canada.png,https://en.wikipedia.org/wiki/York9_FC,0.16,Lowell Wright,Lowell Wright-graph.png,Lowell Wright-radar.png,0.05,0.26,0.22,0.15,0.15,0.16
